state,region,co tons per priv acre,$ carbon/ton california market 2020,$ carbon abatement (social value),offset market value of carbon/ton,"Social value/acre of keeping forests as forest (i.e., carbon abatement)",Acre value in offset market (acre),Acre value in the california market 2020 ,avg tons seq year,m5,m5low,m5high,m10,m10low,m10high,m20,m20low,m20high,m30,m30low,m30high,m40,m40low,m40high,m50,m50low,m50high,m60,m60low,m60high,m70,m70low,m70high,m80,m80low,m80high,m90,m90low,m90high,m100,m100low,m100high,m110,m110low,m110high,m120,m120low,m120high,m130,m130low,m130high,m140,m140low,m140high,m150,m150low,m150high
CT,1,38.1548,17.39,51.00,4.00,"$1,945.89",$152.62,$663.51,0.76,$3.82,$3.62,$2.65,$7.63,$7.25,$5.30,$15.26,$14.50,$10.61,$22.89,$21.75,$15.91,$30.52,$29.00,$21.21,$38.15,$36.25,$26.52,$45.79,$43.50,$31.82,$53.42,$50.75,$37.12,$61.05,$58.00,$42.43,$68.68,$65.24,$47.73,$76.31,$72.49,$53.04,$83.94,$79.74,$58.34,$91.57,$86.99,$63.64,$99.20,$94.24,$68.95,$106.83,$101.49,$74.25,$114.46,$108.74,$79.55
DE,1,35.9259,17.39,51.00,4.00,"$1,832.22",$143.70,$624.75,0.72,$3.59,$3.41,$2.50,$7.19,$6.83,$4.99,$14.37,$13.65,$9.99,$21.56,$20.48,$14.98,$28.74,$27.30,$19.97,$35.93,$34.13,$24.97,$43.11,$40.96,$29.96,$50.30,$47.78,$34.96,$57.48,$54.61,$39.95,$64.67,$61.43,$44.94,$71.85,$68.26,$49.94,$79.04,$75.09,$54.93,$86.22,$81.91,$59.92,$93.41,$88.74,$64.92,$100.59,$95.56,$69.91,$107.78,$102.39,$74.91
MD,1,38.7904,17.39,51.00,4.00,"$1,978.31",$155.16,$674.57,0.78,$3.88,$3.69,$2.70,$7.76,$7.37,$5.39,$15.52,$14.74,$10.78,$23.27,$22.11,$16.18,$31.03,$29.48,$21.57,$38.79,$36.85,$26.96,$46.55,$44.22,$32.35,$54.31,$51.59,$37.74,$62.06,$58.96,$43.13,$69.82,$66.33,$48.53,$77.58,$73.70,$53.92,$85.34,$81.07,$59.31,$93.10,$88.44,$64.70,$100.86,$95.81,$70.09,$108.61,$103.18,$75.49,$116.37,$110.55,$80.88
ME,1,19.807,17.39,51.00,4.00,"$1,010.16",$79.23,$344.44,0.40,$1.98,$1.88,$1.38,$3.96,$3.76,$2.75,$7.92,$7.53,$5.51,$11.88,$11.29,$8.26,$15.85,$15.05,$11.01,$19.81,$18.82,$13.77,$23.77,$22.58,$16.52,$27.73,$26.34,$19.27,$31.69,$30.11,$22.03,$35.65,$33.87,$24.78,$39.61,$37.63,$27.53,$43.58,$41.40,$30.28,$47.54,$45.16,$33.04,$51.50,$48.92,$35.79,$55.46,$52.69,$38.54,$59.42,$56.45,$41.30
NH,1,30.7392,17.39,51.00,4.00,"$1,567.70",$122.96,$534.55,0.61,$3.07,$2.92,$2.14,$6.15,$5.84,$4.27,$12.30,$11.68,$8.55,$18.44,$17.52,$12.82,$24.59,$23.36,$17.09,$30.74,$29.20,$21.36,$36.89,$35.04,$25.64,$43.03,$40.88,$29.91,$49.18,$46.72,$34.18,$55.33,$52.56,$38.45,$61.48,$58.40,$42.73,$67.63,$64.24,$47.00,$73.77,$70.09,$51.27,$79.92,$75.93,$55.55,$86.07,$81.77,$59.82,$92.22,$87.61,$64.09
NJ,1,31.8285,17.39,51.00,4.00,"$1,623.25",$127.31,$553.50,0.64,$3.18,$3.02,$2.21,$6.37,$6.05,$4.42,$12.73,$12.09,$8.85,$19.10,$18.14,$13.27,$25.46,$24.19,$17.70,$31.83,$30.24,$22.12,$38.19,$36.28,$26.54,$44.56,$42.33,$30.97,$50.93,$48.38,$35.39,$57.29,$54.43,$39.82,$63.66,$60.47,$44.24,$70.02,$66.52,$48.67,$76.39,$72.57,$53.09,$82.75,$78.62,$57.51,$89.12,$84.66,$61.94,$95.49,$90.71,$66.36
NY,1,30.5339,17.39,51.00,4.00,"$1,557.23",$122.14,$530.98,0.61,$3.05,$2.90,$2.12,$6.11,$5.80,$4.24,$12.21,$11.60,$8.49,$18.32,$17.40,$12.73,$24.43,$23.21,$16.98,$30.53,$29.01,$21.22,$36.64,$34.81,$25.47,$42.75,$40.61,$29.71,$48.85,$46.41,$33.95,$54.96,$52.21,$38.20,$61.07,$58.01,$42.44,$67.17,$63.82,$46.69,$73.28,$69.62,$50.93,$79.39,$75.42,$55.17,$85.49,$81.22,$59.42,$91.60,$87.02,$63.66
PA,1,32.2154,17.39,51.00,4.00,"$1,642.99",$128.86,$560.23,0.40,$2.01,$1.91,$1.40,$4.03,$3.83,$2.80,$8.05,$7.65,$5.60,$12.08,$11.48,$8.40,$16.11,$15.30,$11.19,$20.13,$19.13,$13.99,$24.16,$22.95,$16.79,$28.19,$26.78,$19.59,$32.22,$30.60,$22.39,$36.24,$34.43,$25.19,$40.27,$38.26,$27.99,$44.30,$42.08,$30.79,$48.32,$45.91,$33.58,$52.35,$49.73,$36.38,$56.38,$53.56,$39.18,$60.40,$57.38,$41.98
RI,1,35.1177,17.39,51.00,4.00,"$1,791.00",$140.47,$610.70,0.70,$3.51,$3.34,$2.44,$7.02,$6.67,$4.88,$14.05,$13.34,$9.76,$21.07,$20.02,$14.64,$28.09,$26.69,$19.53,$35.12,$33.36,$24.41,$42.14,$40.03,$29.29,$49.16,$46.71,$34.17,$56.19,$53.38,$39.05,$63.21,$60.05,$43.93,$70.24,$66.72,$48.81,$77.26,$73.40,$53.69,$84.28,$80.07,$58.58,$91.31,$86.74,$63.46,$98.33,$93.41,$68.34,$105.35,$100.09,$73.22
VT,1,31.8155,17.39,51.00,4.00,"$1,622.59",$127.26,$553.27,0.64,$3.18,$3.02,$2.21,$6.36,$6.04,$4.42,$12.73,$12.09,$8.84,$19.09,$18.13,$13.27,$25.45,$24.18,$17.69,$31.82,$30.22,$22.11,$38.18,$36.27,$26.53,$44.54,$42.31,$30.96,$50.90,$48.36,$35.38,$57.27,$54.40,$39.80,$63.63,$60.45,$44.22,$69.99,$66.49,$48.65,$76.36,$72.54,$53.07,$82.72,$78.58,$57.49,$89.08,$84.63,$61.91,$95.45,$90.67,$66.34
AL,2,22.8674,17.39,51.00,4.00,"$1,166.24",$91.47,$397.66,0.76,$3.81,$3.62,$2.65,$7.62,$7.24,$5.30,$15.24,$14.48,$10.60,$22.87,$21.72,$15.89,$30.49,$28.97,$21.19,$38.11,$36.21,$26.49,$45.73,$43.45,$31.79,$53.36,$50.69,$37.08,$60.98,$57.93,$42.38,$68.60,$65.17,$47.68,$76.22,$72.41,$52.98,$83.85,$79.65,$58.27,$91.47,$86.90,$63.57,$99.09,$94.14,$68.87,$106.71,$101.38,$74.17,$114.34,$108.62,$79.46
AR,2,22.1759,17.39,51.00,4.00,"$1,130.97",$88.70,$385.64,0.74,$3.70,$3.51,$2.57,$7.39,$7.02,$5.14,$14.78,$14.04,$10.27,$22.18,$21.07,$15.41,$29.57,$28.09,$20.55,$36.96,$35.11,$25.69,$44.35,$42.13,$30.82,$51.74,$49.16,$35.96,$59.14,$56.18,$41.10,$66.53,$63.20,$46.24,$73.92,$70.22,$51.37,$81.31,$77.25,$56.51,$88.70,$84.27,$61.65,$96.10,$91.29,$66.79,$103.49,$98.31,$71.92,$110.88,$105.34,$77.06
FL,2,18.3506,17.39,51.00,4.00,$935.88,$73.40,$319.12,0.61,$3.06,$2.91,$2.13,$6.12,$5.81,$4.25,$12.23,$11.62,$8.50,$18.35,$17.43,$12.75,$24.47,$23.24,$17.00,$30.58,$29.06,$21.26,$36.70,$34.87,$25.51,$42.82,$40.68,$29.76,$48.93,$46.49,$34.01,$55.05,$52.30,$38.26,$61.17,$58.11,$42.51,$67.29,$63.92,$46.76,$73.40,$69.73,$51.01,$79.52,$75.54,$55.27,$85.64,$81.35,$59.52,$91.75,$87.17,$63.77
GA,2,22.9805,17.39,51.00,4.00,"$1,172.01",$91.92,$399.63,0.77,$3.83,$3.64,$2.66,$7.66,$7.28,$5.32,$15.32,$14.55,$10.65,$22.98,$21.83,$15.97,$30.64,$29.11,$21.30,$38.30,$36.39,$26.62,$45.96,$43.66,$31.94,$53.62,$50.94,$37.27,$61.28,$58.22,$42.59,$68.94,$65.49,$47.91,$76.60,$72.77,$53.24,$84.26,$80.05,$58.56,$91.92,$87.33,$63.89,$99.58,$94.60,$69.21,$107.24,$101.88,$74.53,$114.90,$109.16,$79.86
KY,2,27.4939,17.39,51.00,4.00,"$1,402.19",$109.98,$478.12,0.92,$4.58,$4.35,$3.18,$9.16,$8.71,$6.37,$18.33,$17.41,$12.74,$27.49,$26.12,$19.11,$36.66,$34.83,$25.48,$45.82,$43.53,$31.85,$54.99,$52.24,$38.22,$64.15,$60.94,$44.59,$73.32,$69.65,$50.96,$82.48,$78.36,$57.32,$91.65,$87.06,$63.69,$100.81,$95.77,$70.06,$109.98,$104.48,$76.43,$119.14,$113.18,$82.80,$128.30,$121.89,$89.17,$137.47,$130.60,$95.54
LA,2,21.9144,17.39,51.00,4.00,"$1,117.63",$87.66,$381.09,0.73,$3.65,$3.47,$2.54,$7.30,$6.94,$5.08,$14.61,$13.88,$10.15,$21.91,$20.82,$15.23,$29.22,$27.76,$20.31,$36.52,$34.70,$25.38,$43.83,$41.64,$30.46,$51.13,$48.58,$35.54,$58.44,$55.52,$40.61,$65.74,$62.46,$45.69,$73.05,$69.40,$50.77,$80.35,$76.34,$55.85,$87.66,$83.27,$60.92,$94.96,$90.21,$66.00,$102.27,$97.15,$71.08,$109.57,$104.09,$76.15
MA,2,39.0686,17.39,51.00,4.00,"$1,992.50",$156.27,$679.40,1.30,$6.51,$6.19,$4.53,$13.02,$12.37,$9.05,$26.05,$24.74,$18.10,$39.07,$37.12,$27.15,$52.09,$49.49,$36.20,$65.11,$61.86,$45.25,$78.14,$74.23,$54.31,$91.16,$86.60,$63.36,$104.18,$98.97,$72.41,$117.21,$111.35,$81.46,$130.23,$123.72,$90.51,$143.25,$136.09,$99.56,$156.27,$148.46,$108.61,$169.30,$160.83,$117.66,$182.32,$173.20,$126.71,$195.34,$185.58,$135.76
MS,2,25.1722,17.39,51.00,4.00,"$1,283.78",$100.69,$437.74,0.84,$4.20,$3.99,$2.92,$8.39,$7.97,$5.83,$16.78,$15.94,$11.66,$25.17,$23.91,$17.49,$33.56,$31.88,$23.33,$41.95,$39.86,$29.16,$50.34,$47.83,$34.99,$58.74,$55.80,$40.82,$67.13,$63.77,$46.65,$75.52,$71.74,$52.48,$83.91,$79.71,$58.32,$92.30,$87.68,$64.15,$100.69,$95.65,$69.98,$109.08,$103.63,$75.81,$117.47,$111.60,$81.64,$125.86,$119.57,$87.47
NC,2,28.1707,17.39,51.00,4.00,"$1,436.71",$112.68,$489.89,0.94,$4.70,$4.46,$3.26,$9.39,$8.92,$6.53,$18.78,$17.84,$13.05,$28.17,$26.76,$19.58,$37.56,$35.68,$26.10,$46.95,$44.60,$32.63,$56.34,$53.52,$39.16,$65.73,$62.45,$45.68,$75.12,$71.37,$52.21,$84.51,$80.29,$58.74,$93.90,$89.21,$65.26,$103.29,$98.13,$71.79,$112.68,$107.05,$78.31,$122.07,$115.97,$84.84,$131.46,$124.89,$91.37,$140.85,$133.81,$97.89
SC,2,23.9669,17.39,51.00,4.00,"$1,222.31",$95.87,$416.78,0.80,$3.99,$3.79,$2.78,$7.99,$7.59,$5.55,$15.98,$15.18,$11.10,$23.97,$22.77,$16.66,$31.96,$30.36,$22.21,$39.94,$37.95,$27.76,$47.93,$45.54,$33.31,$55.92,$53.13,$38.87,$63.91,$60.72,$44.42,$71.90,$68.31,$49.97,$79.89,$75.90,$55.52,$87.88,$83.48,$61.08,$95.87,$91.07,$66.63,$103.86,$98.66,$72.18,$111.85,$106.25,$77.73,$119.83,$113.84,$83.28
TN,2,28.7393,17.39,51.00,4.00,"$1,465.70",$114.96,$499.78,0.96,$4.79,$4.55,$3.33,$9.58,$9.10,$6.66,$19.16,$18.20,$13.32,$28.74,$27.30,$19.97,$38.32,$36.40,$26.63,$47.90,$45.50,$33.29,$57.48,$54.60,$39.95,$67.06,$63.71,$46.61,$76.64,$72.81,$53.26,$86.22,$81.91,$59.92,$95.80,$91.01,$66.58,$105.38,$100.11,$73.24,$114.96,$109.21,$79.90,$124.54,$118.31,$86.55,$134.12,$127.41,$93.21,$143.70,$136.51,$99.87
VA,2,31.5565,17.39,51.00,4.00,"$1,609.38",$126.23,$548.77,1.05,$5.26,$5.00,$3.66,$10.52,$9.99,$7.31,$21.04,$19.99,$14.62,$31.56,$29.98,$21.93,$42.08,$39.97,$29.24,$52.59,$49.96,$36.55,$63.11,$59.96,$43.86,$73.63,$69.95,$51.17,$84.15,$79.94,$58.48,$94.67,$89.94,$65.80,$105.19,$99.93,$73.11,$115.71,$109.92,$80.42,$126.23,$119.91,$87.73,$136.74,$129.91,$95.04,$147.26,$139.90,$102.35,$157.78,$149.89,$109.66
WV,2,34.4652,17.39,51.00,4.00,"$1,757.73",$137.86,$599.35,1.15,$5.74,$5.46,$3.99,$11.49,$10.91,$7.98,$22.98,$21.83,$15.97,$34.47,$32.74,$23.95,$45.95,$43.66,$31.94,$57.44,$54.57,$39.92,$68.93,$65.48,$47.91,$80.42,$76.40,$55.89,$91.91,$87.31,$63.88,$103.40,$98.23,$71.86,$114.88,$109.14,$79.84,$126.37,$120.05,$87.83,$137.86,$130.97,$95.81,$149.35,$141.88,$103.80,$160.84,$152.80,$111.78,$172.33,$163.71,$119.77
IA,3,21.5093,17.39,51.00,4.00,"$1,096.97",$86.04,$374.05,0.43,$2.15,$2.04,$1.49,$4.30,$4.09,$2.99,$8.60,$8.17,$5.98,$12.91,$12.26,$8.97,$17.21,$16.35,$11.96,$21.51,$20.43,$14.95,$25.81,$24.52,$17.94,$30.11,$28.61,$20.93,$34.41,$32.69,$23.92,$38.72,$36.78,$26.91,$43.02,$40.87,$29.90,$47.32,$44.95,$32.89,$51.62,$49.04,$35.88,$55.92,$53.13,$38.87,$60.23,$57.21,$41.86,$64.53,$61.30,$44.85
IL,3,25.663,17.39,51.00,4.00,"$1,308.81",$102.65,$446.28,0.51,$2.57,$2.44,$1.78,$5.13,$4.88,$3.57,$10.27,$9.75,$7.13,$15.40,$14.63,$10.70,$20.53,$19.50,$14.27,$25.66,$24.38,$17.84,$30.80,$29.26,$21.40,$35.93,$34.13,$24.97,$41.06,$39.01,$28.54,$46.19,$43.88,$32.10,$51.33,$48.76,$35.67,$56.46,$53.64,$39.24,$61.59,$58.51,$42.81,$66.72,$63.39,$46.37,$71.86,$68.26,$49.94,$76.99,$73.14,$53.51
IN,3,28.8253,17.39,51.00,4.00,"$1,470.09",$115.30,$501.27,0.58,$2.88,$2.74,$2.00,$5.77,$5.48,$4.01,$11.53,$10.95,$8.01,$17.30,$16.43,$12.02,$23.06,$21.91,$16.03,$28.83,$27.38,$20.03,$34.59,$32.86,$24.04,$40.36,$38.34,$28.05,$46.12,$43.81,$32.05,$51.89,$49.29,$36.06,$57.65,$54.77,$40.07,$63.42,$60.24,$44.07,$69.18,$65.72,$48.08,$74.95,$71.20,$52.09,$80.71,$76.68,$56.09,$86.48,$82.15,$60.10
KS,3,18.1899,17.39,51.00,4.00,$927.68,$72.76,$316.32,0.36,$1.82,$1.73,$1.26,$3.64,$3.46,$2.53,$7.28,$6.91,$5.06,$10.91,$10.37,$7.59,$14.55,$13.82,$10.11,$18.19,$17.28,$12.64,$21.83,$20.74,$15.17,$25.47,$24.19,$17.70,$29.10,$27.65,$20.23,$32.74,$31.10,$22.76,$36.38,$34.56,$25.28,$40.02,$38.02,$27.81,$43.66,$41.47,$30.34,$47.29,$44.93,$32.87,$50.93,$48.39,$35.40,$54.57,$51.84,$37.93
MI,3,21.8909,17.39,51.00,4.00,"$1,116.44",$87.56,$380.68,0.44,$2.19,$2.08,$1.52,$4.38,$4.16,$3.04,$8.76,$8.32,$6.09,$13.13,$12.48,$9.13,$17.51,$16.64,$12.17,$21.89,$20.80,$15.21,$26.27,$24.96,$18.26,$30.65,$29.11,$21.30,$35.03,$33.27,$24.34,$39.40,$37.43,$27.39,$43.78,$41.59,$30.43,$48.16,$45.75,$33.47,$52.54,$49.91,$36.51,$56.92,$54.07,$39.56,$61.29,$58.23,$42.60,$65.67,$62.39,$45.64
MN,3,16.5127,17.39,51.00,4.00,$842.15,$66.05,$287.16,0.33,$1.65,$1.57,$1.15,$3.30,$3.14,$2.30,$6.61,$6.27,$4.59,$9.91,$9.41,$6.89,$13.21,$12.55,$9.18,$16.51,$15.69,$11.48,$19.82,$18.82,$13.77,$23.12,$21.96,$16.07,$26.42,$25.10,$18.36,$29.72,$28.24,$20.66,$33.03,$31.37,$22.95,$36.33,$34.51,$25.25,$39.63,$37.65,$27.54,$42.93,$40.79,$29.84,$46.24,$43.92,$32.13,$49.54,$47.06,$34.43
MO,3,21.3451,17.39,51.00,4.00,"$1,088.60",$85.38,$371.19,0.43,$2.13,$2.03,$1.48,$4.27,$4.06,$2.97,$8.54,$8.11,$5.93,$12.81,$12.17,$8.90,$17.08,$16.22,$11.87,$21.35,$20.28,$14.83,$25.61,$24.33,$17.80,$29.88,$28.39,$20.77,$34.15,$32.44,$23.74,$38.42,$36.50,$26.70,$42.69,$40.56,$29.67,$46.96,$44.61,$32.64,$51.23,$48.67,$35.60,$55.50,$52.72,$38.57,$59.77,$56.78,$41.54,$64.04,$60.83,$44.50
ND,3,13.3503,17.39,51.00,4.00,$680.87,$53.40,$232.16,0.27,$1.34,$1.27,$0.93,$2.67,$2.54,$1.86,$5.34,$5.07,$3.71,$8.01,$7.61,$5.57,$10.68,$10.15,$7.42,$13.35,$12.68,$9.28,$16.02,$15.22,$11.13,$18.69,$17.76,$12.99,$21.36,$20.29,$14.85,$24.03,$22.83,$16.70,$26.70,$25.37,$18.56,$29.37,$27.90,$20.41,$32.04,$30.44,$22.27,$34.71,$32.98,$24.12,$37.38,$35.51,$25.98,$40.05,$38.05,$27.84
NE,3,15.5727,17.39,51.00,4.00,$794.21,$62.29,$270.81,0.31,$1.56,$1.48,$1.08,$3.11,$2.96,$2.16,$6.23,$5.92,$4.33,$9.34,$8.88,$6.49,$12.46,$11.84,$8.66,$15.57,$14.79,$10.82,$18.69,$17.75,$12.99,$21.80,$20.71,$15.15,$24.92,$23.67,$17.32,$28.03,$26.63,$19.48,$31.15,$29.59,$21.65,$34.26,$32.55,$23.81,$37.37,$35.51,$25.98,$40.49,$38.46,$28.14,$43.60,$41.42,$30.30,$46.72,$44.38,$32.47
OH,3,30.1539,17.39,51.00,4.00,"$1,537.85",$120.62,$524.38,0.60,$3.02,$2.86,$2.10,$6.03,$5.73,$4.19,$12.06,$11.46,$8.38,$18.09,$17.19,$12.57,$24.12,$22.92,$16.77,$30.15,$28.65,$20.96,$36.18,$34.38,$25.15,$42.22,$40.10,$29.34,$48.25,$45.83,$33.53,$54.28,$51.56,$37.72,$60.31,$57.29,$41.91,$66.34,$63.02,$46.11,$72.37,$68.75,$50.30,$78.40,$74.48,$54.49,$84.43,$80.21,$58.68,$90.46,$85.94,$62.87
SD,3,11.1936,17.39,51.00,4.00,$570.87,$44.77,$194.66,0.22,$1.12,$1.06,$0.78,$2.24,$2.13,$1.56,$4.48,$4.25,$3.11,$6.72,$6.38,$4.67,$8.95,$8.51,$6.22,$11.19,$10.63,$7.78,$13.43,$12.76,$9.34,$15.67,$14.89,$10.89,$17.91,$17.01,$12.45,$20.15,$19.14,$14.00,$22.39,$21.27,$15.56,$24.63,$23.39,$17.12,$26.86,$25.52,$18.67,$29.10,$27.65,$20.23,$31.34,$29.77,$21.78,$33.58,$31.90,$23.34
WI,3,20.3567,17.39,51.00,4.00,"$1,038.19",$81.43,$354.00,0.41,$2.04,$1.93,$1.41,$4.07,$3.87,$2.83,$8.14,$7.74,$5.66,$12.21,$11.60,$8.49,$16.29,$15.47,$11.32,$20.36,$19.34,$14.15,$24.43,$23.21,$16.98,$28.50,$27.07,$19.81,$32.57,$30.94,$22.64,$36.64,$34.81,$25.47,$40.71,$38.68,$28.30,$44.78,$42.55,$31.13,$48.86,$46.41,$33.95,$52.93,$50.28,$36.78,$57.00,$54.15,$39.61,$61.07,$58.02,$42.44
AZ,4,7.0125,17.39,51.00,4.00,$357.64,$28.05,$121.95,0.14,$0.70,$0.67,$0.49,$1.40,$1.33,$0.97,$2.81,$2.66,$1.95,$4.21,$4.00,$2.92,$5.61,$5.33,$3.90,$7.01,$6.66,$4.87,$8.42,$7.99,$5.85,$9.82,$9.33,$6.82,$11.22,$10.66,$7.80,$12.62,$11.99,$8.77,$14.03,$13.32,$9.75,$15.43,$14.66,$10.72,$16.83,$15.99,$11.70,$18.23,$17.32,$12.67,$19.64,$18.65,$13.65,$21.04,$19.99,$14.62
NM,4,5.2543,17.39,51.00,4.00,$267.97,$21.02,$91.37,0.11,$0.53,$0.50,$0.37,$1.05,$1.00,$0.73,$2.10,$2.00,$1.46,$3.15,$2.99,$2.19,$4.20,$3.99,$2.92,$5.25,$4.99,$3.65,$6.31,$5.99,$4.38,$7.36,$6.99,$5.11,$8.41,$7.99,$5.84,$9.46,$8.98,$6.57,$10.51,$9.98,$7.30,$11.56,$10.98,$8.03,$12.61,$11.98,$8.76,$13.66,$12.98,$9.49,$14.71,$13.98,$10.22,$15.76,$14.97,$10.96
OK,4,11.5563,17.39,51.00,4.00,$589.37,$46.23,$200.96,0.23,$1.16,$1.10,$0.80,$2.31,$2.20,$1.61,$4.62,$4.39,$3.21,$6.93,$6.59,$4.82,$9.25,$8.78,$6.43,$11.56,$10.98,$8.03,$13.87,$13.17,$9.64,$16.18,$15.37,$11.24,$18.49,$17.57,$12.85,$20.80,$19.76,$14.46,$23.11,$21.96,$16.06,$25.42,$24.15,$17.67,$27.74,$26.35,$19.28,$30.05,$28.54,$20.88,$32.36,$30.74,$22.49,$34.67,$32.94,$24.09
TX,4,6.5922,17.39,51.00,4.00,$336.20,$26.37,$114.64,0.13,$0.66,$0.63,$0.46,$1.32,$1.25,$0.92,$2.64,$2.51,$1.83,$3.96,$3.76,$2.75,$5.27,$5.01,$3.67,$6.59,$6.26,$4.58,$7.91,$7.52,$5.50,$9.23,$8.77,$6.41,$10.55,$10.02,$7.33,$11.87,$11.27,$8.25,$13.18,$12.53,$9.16,$14.50,$13.78,$10.08,$15.82,$15.03,$11.00,$17.14,$16.28,$11.91,$18.46,$17.54,$12.83,$19.78,$18.79,$13.74
AK,5,20.3427,17.39,51.00,4.00,"$1,037.48",$81.37,$353.76,0.41,$2.03,$1.93,$1.41,$4.07,$3.87,$2.83,$8.14,$7.73,$5.66,$12.21,$11.60,$8.48,$16.27,$15.46,$11.31,$20.34,$19.33,$14.14,$24.41,$23.19,$16.97,$28.48,$27.06,$19.79,$32.55,$30.92,$22.62,$36.62,$34.79,$25.45,$40.69,$38.65,$28.28,$44.75,$42.52,$31.10,$48.82,$46.38,$33.93,$52.89,$50.25,$36.76,$56.96,$54.11,$39.59,$61.03,$57.98,$42.41
CA,5,29.8429,17.39,51.00,4.00,"$1,521.99",$119.37,$518.97,0.60,$2.98,$2.84,$2.07,$5.97,$5.67,$4.15,$11.94,$11.34,$8.30,$17.91,$17.01,$12.44,$23.87,$22.68,$16.59,$29.84,$28.35,$20.74,$35.81,$34.02,$24.89,$41.78,$39.69,$29.04,$47.75,$45.36,$33.19,$53.72,$51.03,$37.33,$59.69,$56.70,$41.48,$65.65,$62.37,$45.63,$71.62,$68.04,$49.78,$77.59,$73.71,$53.93,$83.56,$79.38,$58.07,$89.53,$85.05,$62.22
CO,5,9.6587,17.39,51.00,4.00,$492.59,$38.63,$167.96,0.19,$0.97,$0.92,$0.67,$1.93,$1.84,$1.34,$3.86,$3.67,$2.69,$5.80,$5.51,$4.03,$7.73,$7.34,$5.37,$9.66,$9.18,$6.71,$11.59,$11.01,$8.06,$13.52,$12.85,$9.40,$15.45,$14.68,$10.74,$17.39,$16.52,$12.08,$19.32,$18.35,$13.43,$21.25,$20.19,$14.77,$23.18,$22.02,$16.11,$25.11,$23.86,$17.45,$27.04,$25.69,$18.80,$28.98,$27.53,$20.14
ID,5,16.4585,17.39,51.00,4.00,$839.38,$65.83,$286.21,0.33,$1.65,$1.56,$1.14,$3.29,$3.13,$2.29,$6.58,$6.25,$4.58,$9.88,$9.38,$6.86,$13.17,$12.51,$9.15,$16.46,$15.64,$11.44,$19.75,$18.76,$13.73,$23.04,$21.89,$16.01,$26.33,$25.02,$18.30,$29.63,$28.14,$20.59,$32.92,$31.27,$22.88,$36.21,$34.40,$25.17,$39.50,$37.53,$27.45,$42.79,$40.65,$29.74,$46.08,$43.78,$32.03,$49.38,$46.91,$34.32
MT,5,8.8759,17.39,51.00,4.00,$452.67,$35.50,$154.35,0.18,$0.89,$0.84,$0.62,$1.78,$1.69,$1.23,$3.55,$3.37,$2.47,$5.33,$5.06,$3.70,$7.10,$6.75,$4.94,$8.88,$8.43,$6.17,$10.65,$10.12,$7.40,$12.43,$11.80,$8.64,$14.20,$13.49,$9.87,$15.98,$15.18,$11.10,$17.75,$16.86,$12.34,$19.53,$18.55,$13.57,$21.30,$20.24,$14.81,$23.08,$21.92,$16.04,$24.85,$23.61,$17.27,$26.63,$25.30,$18.51
NV,5,4.7371,17.39,51.00,4.00,$241.59,$18.95,$82.38,0.09,$0.47,$0.45,$0.33,$0.95,$0.90,$0.66,$1.89,$1.80,$1.32,$2.84,$2.70,$1.98,$3.79,$3.60,$2.63,$4.74,$4.50,$3.29,$5.68,$5.40,$3.95,$6.63,$6.30,$4.61,$7.58,$7.20,$5.27,$8.53,$8.10,$5.93,$9.47,$9.00,$6.58,$10.42,$9.90,$7.24,$11.37,$10.80,$7.90,$12.32,$11.70,$8.56,$13.26,$12.60,$9.22,$14.21,$13.50,$9.88
OR,5,24.6653,17.39,51.00,4.00,"$1,257.93",$98.66,$428.93,0.49,$2.47,$2.34,$1.71,$4.93,$4.69,$3.43,$9.87,$9.37,$6.86,$14.80,$14.06,$10.29,$19.73,$18.75,$13.71,$24.67,$23.43,$17.14,$29.60,$28.12,$20.57,$34.53,$32.80,$24.00,$39.46,$37.49,$27.43,$44.40,$42.18,$30.86,$49.33,$46.86,$34.28,$54.26,$51.55,$37.71,$59.20,$56.24,$41.14,$64.13,$60.92,$44.57,$69.06,$65.61,$48.00,$74.00,$70.30,$51.43
UT,5,7.815,17.39,51.00,4.00,$398.57,$31.26,$135.90,0.16,$0.78,$0.74,$0.54,$1.56,$1.48,$1.09,$3.13,$2.97,$2.17,$4.69,$4.45,$3.26,$6.25,$5.94,$4.35,$7.82,$7.42,$5.43,$9.38,$8.91,$6.52,$10.94,$10.39,$7.60,$12.50,$11.88,$8.69,$14.07,$13.36,$9.78,$15.63,$14.85,$10.86,$17.19,$16.33,$11.95,$18.76,$17.82,$13.04,$20.32,$19.30,$14.12,$21.88,$20.79,$15.21,$23.45,$22.27,$16.29
WA,5,27.9292,17.39,51.00,4.00,"$1,424.39",$111.72,$485.69,0.56,$2.79,$2.65,$1.94,$5.59,$5.31,$3.88,$11.17,$10.61,$7.76,$16.76,$15.92,$11.65,$22.34,$21.23,$15.53,$27.93,$26.53,$19.41,$33.52,$31.84,$23.29,$39.10,$37.15,$27.18,$44.69,$42.45,$31.06,$50.27,$47.76,$34.94,$55.86,$53.07,$38.82,$61.44,$58.37,$42.70,$67.03,$63.68,$46.59,$72.62,$68.99,$50.47,$78.20,$74.29,$54.35,$83.79,$79.60,$58.23
WY,5,8.1341,17.39,51.00,4.00,$414.84,$32.54,$141.45,0.16,$0.81,$0.77,$0.57,$1.63,$1.55,$1.13,$3.25,$3.09,$2.26,$4.88,$4.64,$3.39,$6.51,$6.18,$4.52,$8.13,$7.73,$5.65,$9.76,$9.27,$6.78,$11.39,$10.82,$7.91,$13.01,$12.36,$9.05,$14.64,$13.91,$10.18,$16.27,$15.45,$11.31,$17.90,$17.00,$12.44,$19.52,$18.55,$13.57,$21.15,$20.09,$14.70,$22.78,$21.64,$15.83,$24.40,$23.18,$16.96
mean,,22.56,17.39,51.00,4.00,"1,150.40",90.23,392.26,0.54,$2.70,$2.57,$1.88,$5.41,$5.14,$3.76,$10.81,$10.27,$7.51,$16.22,$15.41,$11.27,$21.62,$20.54,$15.03,$27.03,$25.68,$18.79,$32.44,$30.81,$22.54,$37.84,$35.95,$26.30,$43.25,$41.09,$30.06,$48.65,$46.22,$33.82,$54.06,$51.36,$37.57,$59.47,$56.49,$41.33,$64.87,$61.63,$45.09,$70.28,$66.77,$48.84,$75.69,$71.90,$52.60,$81.09,$77.04,$56.36
